Episode Number,Final Score,constant,goal state dist,enemy state dist,entity state dist,ldisc dist,rdsic dist
0,225,-37.87142217564356,-27.60376918736067
1,175,-73.80289051763896,-41.65185413859365
2,175,-82.67274267604559,-43.13230644010322
3,175,-102.3503403013021,-49.20564446833859
4,175,-119.10981238507428,-55.47040244215525
5,175,-135.1005399935899,-61.88665596573153
6,175,-172.85695565222053,-75.86886767744258
7,175,-182.17766589683353,-78.16578899440363
8,175,-193.3545455803983,-82.45848160239866
9,175,-213.23931945341266,-88.12330255021544
10,175,-234.43722097513563,-95.16757000890354
11,175,-239.98151062019576,-95.69862748625606
12,200,-230.5752901638662,-88.48025063663249
13,200,-245.953493064135,-91.40569825923217
14,175,-262.84764329221684,-96.63529999844982
15,175,-267.3628139583655,-96.6028070238584
16,175,-270.80376013579087,-94.84594839987054
17,175,-271.66335433485597,-92.21551983246862
18,150,-283.6595145680129,-94.72653865057232
19,175,-286.5675954450852,-92.44881154020908
20,175,-284.46176177600785,-88.50327534408672
21,200,-272.1197376580212,-79.9464091629618
22,175,-288.6215730246315,-84.82541649908592
23,475,-292.6946082468766,-84.8210963494279
24,150,-315.07454242661083,-92.66790607008892
25,200,-300.40045730753695,-82.63115400597036
26,475,-285.0030320143743,-72.75210073985244
27,150,-299.40382180431345,-76.39924028843294
28,175,-319.84245692935826,-82.94777100032152
29,175,-320.2936678216324,-80.04422631808183
30,175,-325.5388418656106,-79.12810153983605
31,150,-343.4557770886064,-90.1774803122142
32,175,-333.8476426049052,-83.58445664177796
33,150,-320.55741604812783,-74.88843894075558
34,200,-333.7979232786555,-77.80930391425132
35,175,-323.27598200925536,-69.83893847085078
36,175,-326.9590656856476,-68.18603253796098
37,175,-323.70339867175335,-64.28988684237869
38,200,-340.84769056537186,-74.36713887371144
39,175,-347.8136696003319,-74.27932202294528
40,175,-357.2271006963567,-75.40657596771266
41,225,-354.15562610096396,-71.51422459537316
42,175,-357.1640167355933,-70.48761922379923
43,150,-362.5041046155866,-70.2316071371872
44,175,-372.2642501269467,-71.69191946600853
45,225,-393.70301769965835,-79.21776077525
46,200,-378.4378471998783,-71.97029692483494
47,175,-384.2859451668907,-71.76256299800508
48,175,-389.01092161301796,-71.83873586497609
49,175,-375.33914427602906,-63.09842388673691
50,150,-379.6077711496561,-63.20990770372747
51,450,-356.770559925977,-50.18777975471925
52,175,-368.73731300782714,-52.53271304173219
53,175,-376.540169503761,-53.316498233174215
54,175,-376.292216995561,-50.21366578893153
55,175,-371.63831585158147,-45.55950870966685
56,225,-387.26711661234765,-49.26020489301469
57,150,-393.48750831691774,-49.59647340999238
58,175,-400.12649164811637,-50.05731956236718
59,200,-408.1944717527866,-50.403437798534135
60,150,-415.6116155436274,-51.318170897692966
61,150,-409.7889641034963,-47.44428899330574
62,125,-401.07210417303685,-41.2022642173359
63,175,-408.2136938767642,-42.77014161163729
64,150,-390.8003548343355,-32.74659398555715
65,200,-409.81924789724104,-39.35098622095398
66,175,-413.9109604896313,-38.72135268758249
67,150,-423.3463150080006,-40.66321335663334
68,200,-441.69809172003664,-46.865015522906376
69,225,-425.60396882362187,-36.588078998745615
70,175,-419.77844029920885,-32.81041881899968
71,200,-426.1954929852292,-33.110284929359295
72,175,-444.7602133337707,-41.38525802353621
73,175,-446.77681806439585,-40.759071425300164
74,475,-433.3960945906001,-32.97488896262683
75,200,-441.57433097475763,-34.12974683714713
76,150,-448.07442685249805,-35.19383729066526
77,175,-454.79588843332186,-35.46851325648605
78,500,-438.8415799522471,-26.227789441130227
79,175,-454.2246880394158,-32.36055927757671
80,175,-437.988392671102,-22.884432070991195
81,175,-435.0072361175536,-19.15152485467909
82,175,-454.9366804766264,-26.60453705348195
83,150,-451.20491718579507,-23.915666904147226
84,150,-443.8615738601264,-18.53751314961783
85,175,-456.4555456285187,-23.869149302696684
86,200,-482.34757758708076,-31.950982583784455
87,175,-483.8065084703293,-29.971380690304567
88,175,-481.09422674076274,-26.466017353298085
89,175,-487.3132260185341,-26.75904603490394
90,175,-471.92753155142213,-20.271609460906404
91,150,-489.14096635617955,-26.3297362571355
92,175,-476.90160979378385,-18.765437304193707
93,150,-477.72927559006024,-17.26886723645874
94,175,-487.92695309275337,-19.28502629161065
95,175,-478.11738208549036,-12.541396367168911
96,175,-485.9556570631817,-14.876350635518936
97,475,-462.79461522953096,-3.1567174735513217
98,500,-471.4637462458675,-11.663316178241619
99,175,-471.05318924569366,-9.264243148678338
100,150,-473.67920504597384,-8.436585302465923
101,175,-480.8925525063023,-9.971587503330767
102,150,-475.04926045188114,-6.55744928440644
103,625,-467.3665599851015,-3.789615409202771
104,200,-473.83937769946635,-4.919989868370037
105,375,-469.5744649128626,-4.012151179318579
106,275,-470.66582427259937,-5.025705382785302
107,700,-453.52596572899256,-7.711528682368603
108,200,-449.0171323964074,-4.331578700934042
109,200,-470.28022296995465,-14.63379294375222
110,200,-462.80667394710275,-10.630874192757268
111,175,-463.1310190034447,-8.535102995630186
112,250,-463.17788535847626,-6.91107295970647
113,225,-473.61708997400166,-9.193264872857352
114,175,-497.9546721247723,-25.899064929211157
115,175,-503.3085488505934,-27.321620273454172
116,175,-505.10423830397,-25.50975912572859
117,475,-482.750895079952,-14.009248967006483
118,175,-480.3475692579736,-10.737606734833882
119,175,-472.0944765847217,-5.556086090708502
120,225,-479.5596687072867,-6.84656975726047
121,175,-499.88833956870667,-20.00427362047088
122,200,-499.6783515309382,-19.111804296246106
123,475,-470.8160170895973,-3.9184930058213467
124,200,-479.2873351348389,-6.83553200257796
125,275,-487.93093347310867,-16.84906734287621
126,200,-473.95512780053934,-8.321516523129578
127,200,-495.0982234706618,-32.11110211928582
128,200,-496.3444187915016,-30.416014681938414
129,125,-481.31510511145285,-21.536838885698153
130,150,-489.88414932366834,-23.2881384418347
131,175,-488.1453074931531,-21.500661243492292
132,200,-490.82146814441046,-20.67157941626092
133,450,-477.3888804089289,-12.139162336135087
134,675,-464.9063935086532,-5.903569677718645
135,200,-488.1941692183759,-23.135223159995245
136,175,-497.2505867238955,-27.400799099245667
137,500,-481.557457420507,-17.55422761434533
138,175,-518.0222972268232,-35.660883820290834
139,175,-516.0454447747427,-32.473830838258955
140,175,-513.942101221998,-29.119718972089682
141,150,-499.56539758949265,-20.196119534706792
142,525,-464.59484543499894,-4.398970625000636
143,250,-481.56374023759366,-9.653837058533604
144,175,-495.6149039514711,-15.179731470984212
145,175,-483.80191269845983,-7.956847357352818
146,275,-474.60668550572007,-3.539093169758427
147,525,-462.1516175082006,-3.7294055666949566
148,175,-472.6715739043567,-7.006231115700321
149,250,-471.4314893673707,-4.842959715356593
150,175,-477.2479795744862,-6.907394219855245
151,175,-501.43635496201597,-24.476315513716916
152,200,-495.2039227103073,-19.171692722237694
153,175,-491.45119484352483,-17.620209912643453
154,450,-479.9277295928805,-10.3534255299671
155,175,-465.4120883587718,-2.5856999378655683
156,125,-481.7195716037918,-17.284299271417666
157,175,-462.6015888812076,-6.96099986103597
158,450,-452.2424246375301,-2.3183997797579243
159,125,-460.8323303640216,-11.76902123476944
160,175,-462.8786638241907,-11.75641485202857
161,575,-453.2689678461399,-6.181084783316334
162,500,-457.5491729666171,-18.293479794965425
163,175,-448.9743515300131,-12.089428066054587
164,150,-449.9264020028773,-10.606892578928887
165,200,-445.18608334696466,-6.62107603251429
166,225,-456.7420052171467,-9.996225920215423
167,225,-450.7911669923134,-6.434295877892037
168,275,-461.90545416423663,-13.174951067664326
169,475,-463.04084342128783,-12.73621479943599
170,175,-465.07802027809794,-12.086835349103234
171,150,-461.00758673767973,-8.171441401967355
172,175,-464.20261857824994,-7.334043139288357
173,200,-456.37351639020255,-4.823631299354285
174,250,-467.9369011166313,-15.326372877997391
175,175,-466.44651827509904,-13.40485919843427
176,200,-457.809400720985,-7.22978553094525
177,225,-458.21575579170843,-6.208946182809556
178,200,-453.3419400915361,-2.8489631696256037
179,550,-456.592946402479,-6.3443353873622845
180,175,-465.6209513285844,-9.694114006244646
181,200,-448.0513285620855,-1.1511315559567297
182,250,-459.3770030701745,-17.12505080994707
183,175,-441.35847555407423,-6.781858649335937
184,225,-451.8597788053464,-12.608754837137386
185,150,-451.9835263027027,-11.767533717072233
186,175,-454.11507413333436,-11.773565261547127
187,150,-436.034291801996,-3.4074959142160175
188,500,-425.5672111169754,-0.22574762818932825
189,225,-441.4071377881143,-13.61513011782575
190,525,-419.89873103046534,-2.6592879500302002
191,450,-433.11301539605364,-19.63306096312227
192,475,-416.31612347755384,-10.543001816295291
193,150,-436.46597380008416,-18.934010265508423
194,150,-438.68171411179185,-25.25220023002305
195,150,-447.4049943234265,-27.24867153931784
196,175,-452.1857801240609,-27.03950881848586
197,150,-439.4813320562557,-19.039072316935993
198,175,-444.37875126706416,-20.200858912965558
199,175,-452.3017868482012,-21.597135168635802
200,175,-458.3354523022345,-22.391009849877836
201,175,-460.2253038714594,-22.00471814289338
202,200,-462.78320465670686,-20.67255363348596
203,175,-456.20179347473874,-15.664620432944123
204,200,-446.90223163566037,-9.634381902565789
205,175,-449.05029713008327,-8.638069100816985
206,150,-455.968043014203,-9.754302125490089
207,175,-447.57471433279983,-5.366227523987302
208,175,-457.61660319253383,-8.003555185877577
209,275,-469.14675665084525,-13.142178793539719
210,175,-458.57038899284436,-7.015319870795385
211,850,-428.6014338483888,4.471474314365316
212,125,-446.6922832258663,-10.060286206720551
213,150,-455.0555225346507,-11.72052650613243
214,150,-456.2211527055572,-10.313110949386253
215,175,-455.83659486972584,-8.000135548305668
216,250,-435.4529620656272,1.1646794056607268
217,150,-459.70689542781594,-19.065143991813404
218,150,-460.0054443061931,-17.169966516732437
219,150,-468.19119783752774,-18.65905817649218
220,150,-471.15107614021076,-19.11599999533437
221,200,-459.4665739870117,-11.502777611328753
222,150,-447.59724335111537,-5.068587154203154
223,200,-471.9804361042121,-22.546401098044512
224,450,-449.9926307730425,-10.459839790698066
225,150,-454.26172378953936,-10.441956567366582
226,175,-475.5526994925024,-17.66090992811814
227,175,-465.4935844374407,-10.76139910030309
228,225,-462.64939305787664,-7.459285817105021
229,200,-481.6722169060413,-14.171435914815875
230,150,-470.12342475375704,-7.223325816556162
231,225,-492.54901382783044,-15.307457847745692
232,175,-503.17521162469353,-17.9735331414
233,150,-505.3774989551704,-16.86626126496646
234,175,-500.5081799388981,-13.437219881720184
235,175,-488.9433232912088,-7.059907220839056
236,175,-480.69365272418213,-3.0161536183892084
237,500,-480.69456107227273,-8.631545328719465
238,175,-481.9197419950222,-7.495152118659634
239,200,-489.2148666302565,-10.053683544867885
240,150,-493.65402891742076,-10.148092044146402
241,150,-490.65827076786724,-8.183172905646712
242,125,-481.65328820323685,-5.85220318386771
243,175,-485.6065744129627,-8.411598849375242
244,175,-492.78420391527106,-18.71214062115739
245,175,-489.0898451706855,-14.98623053553445
246,200,-460.90817622530676,-0.9874609099535059
247,1150,-417.1346947634168,36.86275269004962
248,50,-434.4944886755023,18.85468533682679
249,75,-445.955340803242,7.054496409048879
250,150,-462.4664249906837,-5.283223715677706
251,175,-471.41423852901164,-7.661886515320624
252,175,-459.0359313201722,-2.5812591777675085
253,450,-447.904783902318,2.3047921872003325
254,175,-456.6044206947775,-7.767782116363152
255,150,-457.73982757842793,-6.4263553594752505
256,200,-462.4631529636064,-7.972472178997197
257,575,-455.48599641667073,-5.765367073419101
258,200,-466.4325566136933,-8.831912151898479
259,175,-469.5536572306472,-8.040093506038732
260,225,-497.7187602663466,-24.836461553339692
261,175,-483.64358660676567,-16.406638214384866
262,175,-486.25717238886295,-15.439354757617297
263,150,-463.72076429824745,-3.2508746906229504
264,450,-452.3240881836916,1.9078785906961393
265,150,-468.75702200753585,-7.66319362892058
266,150,-468.9743137432651,-6.690755506940518
267,475,-454.77184996131,-2.596839392742242
268,500,-449.6476910113107,-5.235594132591682
269,200,-456.07091891852474,-7.125094921923537
270,250,-466.87388537547037,-16.014939382570475
271,450,-457.1695388868068,-9.209760305487388
272,150,-459.394436250523,-8.478646235797722
273,175,-466.343518232792,-9.617397469331898
274,225,-463.52006533596,-5.971564803486649
275,200,-467.89307000305115,-7.363777265475252
276,250,-460.4022717243118,-7.532735852847013
277,200,-481.4547328180948,-23.93286144652275
278,150,-468.5704198956046,-15.983522841270606
279,500,-442.43900114012524,-4.003351227499473
280,200,-453.5030701066301,-8.286234724311974
281,175,-457.68922745587713,-7.901383802169606
282,150,-458.64521643183275,-8.31159243969893
283,175,-444.1957261739287,-0.1876312638393003
284,200,-450.5962024915736,-7.189018847404968
285,175,-458.7820998325694,-8.694465225849783
286,275,-441.3590378168111,-0.501296924957761
287,275,-441.61884317506895,-4.9608876793115755
288,225,-462.0915419805248,-11.382772375332946
289,175,-450.60270889230304,-4.458667179103483
290,225,-448.4383009927345,-4.375570772997882
291,125,-484.9133534822939,-33.080169330868046
292,125,-481.1231472094423,-30.532709347980216
293,475,-454.16556584765533,-16.448326274474663
294,175,-456.28196226064705,-15.251730448139
295,175,-446.2608460650408,-8.707075904830813
296,175,-452.54624165194,-9.318101306736299
297,175,-459.93134859506335,-10.469376561608469
298,200,-471.28363237597983,-14.63673917569725
299,125,-458.44581487175316,-7.91272209644614
300,175,-457.98836899345764,-7.476597383290285
301,375,-445.18124664188093,-2.514959616897055
302,200,-452.82594507483685,-5.851977851476878
303,300,-449.7562908634008,-4.680241394987987
304,175,-469.93859788069676,-14.872380954046267
305,550,-437.1858996219588,2.960898848499827
306,325,-433.5978276007079,1.0794123082768285
307,100,-462.41778884115206,-20.729476680203184
308,450,-436.3688050417434,-6.766067585323592
309,225,-438.4193188156927,-6.0326221418606965
310,275,-450.68113250170063,-12.544948742066897
311,150,-450.7439955133006,-10.708404977195904
312,175,-442.1601263454169,-6.19490656513307
313,175,-457.29473127207814,-14.667893980028541
314,175,-446.013579701338,-7.665124784405269
315,600,-454.4188210423244,-16.204718061194715
316,175,-455.4361514575113,-14.481272908076019
317,175,-434.42194886516273,-3.5211208854204012
318,200,-437.88946248091924,-4.862206162877012
319,225,-422.4679517780192,-1.8286777978729603
320,225,-437.61355833819295,-13.943574383087707
321,150,-439.61276571184345,-14.626015111679653
322,175,-444.38478601086376,-14.89791185155918
323,150,-448.75995518269417,-14.79244342423912
324,150,-439.5423819739797,-8.679607043273013
325,250,-414.5108472842422,4.844939007972764
326,175,-429.83515292752367,-6.721260430429416
327,150,-428.5174225738699,-6.399813788726732
328,175,-444.9896693269701,-13.52740761203026
329,175,-446.3818030999813,-13.243597435260497
330,125,-448.0265431656619,-12.129637089077896
331,150,-440.50132788684647,-8.154501706653422
332,150,-435.575995273299,-6.317701378191339
333,175,-456.8650830849594,-17.079372326846073
334,175,-470.759028307549,-22.751930885385693
335,150,-472.50046402822176,-21.366724245551517
336,150,-475.55271896524107,-20.508334971619206
337,150,-473.5151009379349,-18.725523535419704
338,175,-473.8976090312131,-16.740484265459287
339,150,-468.6808866189341,-12.45888790134926
340,175,-472.5896887355059,-11.831289107620393
341,525,-452.2437344980295,-3.3484209849181457
342,450,-433.71561947569154,8.00790744392928
343,75,-447.2157896532873,-5.512348390684086
344,250,-446.75268032047137,-4.27905546754286
345,250,-457.64872593405204,-13.190737232313106
346,100,-456.9770404674771,-11.235169026662428
347,150,-435.9156243541258,-0.5850889953032207
348,100,-465.56673250086953,-23.26854235543949
349,150,-470.2096703544571,-23.01068437032995
350,150,-469.2161793839671,-20.628500835484886
351,175,-457.0706928560154,-13.51389428175495
352,150,-459.15462584138874,-12.44582431253502
353,150,-462.25992723276346,-11.88438859639366
354,175,-462.8210029360514,-9.997415947410419
355,175,-463.69847491636807,-8.635055097239151
356,150,-465.554714042688,-7.492241227038093
357,175,-464.93087988875146,-6.220178530561512
358,325,-452.57641264419414,-0.6290059203339391
359,175,-466.3477533080624,-5.210318369905703
360,250,-436.5963459806316,11.621515965354309
361,75,-436.9783558782958,11.227136935117654
362,375,-432.60612805167983,12.894902827219477
363,100,-454.6266333350657,-9.550345815333987
364,125,-458.5781464541407,-10.780278668078815
365,150,-449.30397730014477,-6.652087550722306
366,150,-451.1619648755504,-6.52643052091597
367,200,-435.4793260021103,-0.005194550970314439
368,325,-432.626273310213,-3.352770527457273
369,500,-438.2631032295099,-7.916766810480504
370,150,-441.53552417683875,-8.67486024051869
371,150,-446.43795641716355,-9.068332582933419
372,125,-451.0921238775768,-9.971899548380431
373,150,-467.80231044477597,-15.45951747530678
374,125,-468.77384125493313,-14.029373028550694
375,150,-471.21822597624646,-13.020450735416842
376,175,-473.8435924767767,-12.100365912822932
377,175,-470.85688959856685,-9.202299491644752
378,175,-465.67757317920785,-5.712391962536258
379,200,-466.4836701479992,-5.992568458591582
380,575,-462.3583945453636,-11.321101960011942
381,175,-464.4658558738701,-10.784764400023718
382,200,-478.2206402442826,-14.330302679185282
383,150,-479.9470084866729,-13.206738381681173
384,175,-511.756942320452,-41.29290914472515
385,175,-506.0750263125025,-36.269924177932474
386,150,-504.17726965548843,-33.10699379718138
387,175,-498.28083422794055,-28.275852708311245
388,175,-478.92986908787657,-18.81380096218919
389,175,-467.0661311360085,-11.369374041571618
390,150,-458.3050691991634,-7.833467316549388
391,225,-476.7536776804304,-16.608073652170862
392,150,-474.4079101488527,-14.51366331442781
393,150,-474.91074286100104,-12.663811378579258
394,175,-461.6581852851925,-6.264219536436433
395,250,-461.5096459830799,-5.051112335932437
396,300,-460.0007185329402,-6.8203021750973285
397,175,-456.1850538207916,-4.300002749045112
398,225,-465.4009469930954,-9.795688116571377
399,125,-479.36634484168127,-14.678677739353013
400,200,-487.1324245508008,-16.60883622100942
401,150,-482.3917269287912,-12.422693477689013
402,175,-473.6506919436706,-6.548992258096812
403,200,-475.08932025139586,-6.513804220699966
404,575,-464.0498308202574,-4.080424543651712
405,200,-467.8217251245449,-10.253944816359203
406,175,-467.99391045191436,-8.29604727554333
407,225,-468.6921728438216,-6.785517060758858
408,175,-444.1541772925405,10.70298195105008
409,75,-419.7279200311667,35.094566191019396
410,0,-425.3922521570246,29.258038368536372
411,50,-430.33586612796825,24.022597779275046
412,150,-455.6002460486265,-0.7418381356881287
413,350,-456.2530246993268,-2.6271964747436085
414,450,-437.1829172511899,9.427779011784414
415,125,-458.42327579171297,-9.37871061635845
416,125,-458.03723837586483,-7.364480674161936
417,350,-453.31780034355586,-3.8881596008566426
418,175,-474.4505857283487,-12.924984184956266
419,150,-473.86005530385427,-10.67806569690094
420,125,-474.6853700841991,-9.355584521125067
421,175,-485.6620404379985,-12.446064430224325
422,125,-483.06726906653034,-10.67249761721257
423,300,-460.08624558050525,0.5280351555716045
424,150,-473.1238988091657,-8.516531213315462
425,175,-460.0845335086884,-1.1122126718629384
426,150,-465.0248786331701,-5.811448056003247
427,150,-457.9347135404938,-2.7478605503010396
428,500,-451.57369931748093,-3.7591620505044254
429,250,-450.8762958501466,-4.046706824986229
430,175,-447.0512447454279,-1.5305082093046005
431,100,-449.2518150848151,-4.1797584418769596
432,175,-457.2947320787266,-6.1385347684445115
433,200,-454.6274828195539,-5.285362969753135
434,175,-462.3408742785666,-7.0685440586522486
435,150,-466.66135487240416,-7.878807503296389
436,175,-458.5773233315419,-6.021559231531175
437,225,-476.51060950275144,-16.181927006595345
438,125,-477.3688135688009,-15.77901518807868
439,150,-459.2731115087073,-6.4424062764527745
440,150,-446.72053626694805,-0.8927710464631595
441,375,-425.9965560071464,19.346418117761978
442,0,-430.4916649570665,14.714657855764365
443,100,-451.0136898442821,-6.247775316584413
444,500,-424.71329989983735,7.941893447409322
445,100,-421.89500836885475,10.670405727371477
446,125,-437.53829194019096,-3.938007094437173
447,250,-430.82417007518166,0.5976868827942603
448,200,-446.4437204460801,-10.008212737318264
449,175,-447.15847590287433,-8.086801026360991
450,250,-433.6815926126815,-2.3939392767077936
451,100,-422.2872760163946,8.508439859637173
452,175,-433.1158628905585,-5.973321252769121
453,200,-437.67347565480344,-6.008210525958373
454,200,-455.958371165036,-19.184065119211418
455,150,-468.2136238391465,-23.838326454208612
456,150,-458.1698960855754,-18.63417692701204
457,125,-458.3652669612621,-16.822400098950904
458,150,-471.2835426596095,-20.920815625415926
459,150,-472.0510269349347,-19.856487179980057
460,150,-472.42755801963006,-17.886562765966247
461,150,-468.96820099628957,-14.437454162516504
462,125,-471.26016309416093,-13.677123340764606
463,150,-459.0688331737097,-7.603495432320603
464,150,-454.42791828699364,-5.9108085107386
465,175,-470.6038526585027,-16.21093486533544
466,125,-454.87387221630155,-7.122677702979291
467,125,-491.5076683777939,-36.92742044294432
468,175,-486.65609320326945,-32.40389429340158
469,100,-483.3486407007302,-28.985857548627887
470,175,-471.54677311848866,-21.70824186824654
471,125,-470.4679966925271,-19.23816005231654
472,150,-456.5374489056903,-10.90755067363408
473,150,-469.22003580127455,-15.619161152627838
474,175,-469.0585400418194,-13.460115787477642
475,150,-457.2170091153899,-6.409688688611567
476,150,-442.6248846369854,0.5287196106215255
477,75,-448.140431825568,-4.802739536156168
478,275,-476.92953257336916,-15.582248183302342
479,125,-471.3436983346121,-11.19970612467807
480,150,-461.23224926523835,-6.421453489460154
481,275,-479.7140542944864,-16.0686355845704
482,175,-477.18977107343215,-12.853178956387193
483,175,-474.89675032334424,-9.71176174935578
484,175,-466.8479343299265,-5.002654135385457
485,175,-489.64634158953163,-13.50470917193475
486,150,-488.88621495345456,-11.174414042498594
487,175,-485.90437584773343,-7.818006125753605
488,175,-486.85767562020663,-8.278992822689466
489,150,-485.8786907451956,-5.802509124647583
490,225,-506.1835178171922,-14.196883908240844
491,150,-490.2396029062704,-6.326328883035902
492,500,-471.68519240775595,-4.582837095123577
493,250,-457.0740693447988,3.891166096601605
494,125,-464.3546304799506,-3.395704087732733
495,450,-448.7885440726451,5.490229570084882
496,50,-458.59352694020873,-4.778859702516525
497,300,-464.83610127317024,-6.728906017867164
498,225,-472.82175320632007,-8.374401070644952
499,125,-444.7851994270725,7.432218180420981
500,0,-453.334433535763,-1.3769126451739524
501,175,-460.17148620610544,-6.293044553148283
502,175,-481.10340962111286,-22.518378801104795
503,150,-476.35369586336697,-18.369920998137573
504,125,-472.33934084775,-14.771964258866827
505,175,-470.78880799028093,-12.867192184625376
506,125,-467.6804348543993,-9.72110903681573
507,175,-449.9327223574526,-1.123280848950439
508,50,-452.5644699614658,-4.019858077691291
509,125,-442.0030086461448,2.78157872570923
510,150,-474.38420928062084,-14.081854891355567
511,150,-457.65304833699827,-5.395203596497627
512,175,-463.11504732379154,-7.321385112929361
513,175,-482.0612230930044,-17.15050255031568
514,150,-486.7913198424116,-19.454305016187725
515,125,-483.13140680369105,-15.885415030536771
516,125,-478.6345699154393,-11.895895694458236
517,125,-474.8388836005402,-8.323875607630363
518,175,-467.1134817575779,-3.5011062097196173
519,175,-494.55475337663455,-16.537677170314737
520,125,-488.94476410039744,-12.128347988423174
521,150,-484.3456267549161,-8.01965705491469
522,225,-481.03624662727964,-4.957375226488005
523,175,-489.24738862449203,-12.162505594271291
524,150,-470.3798453527598,-4.415597154362812
525,175,-456.4307937740637,3.8818664904976297
526,150,-486.29817992045855,-12.791247582556664
527,125,-481.71791021796855,-8.840724288336228
528,150,-476.58301453256126,-5.929887683272981
529,200,-482.61849552594356,-11.614639432177544
530,150,-478.6318148137642,-7.902557222112165
531,150,-473.71790571999844,-6.483894145536902
532,150,-459.3031263164148,-0.1404725948811088
533,150,-477.1630091351873,-9.805256943154447
534,125,-468.971043646305,-5.387131816827012
535,275,-473.9231110772232,-5.257050227504014
536,125,-474.5269779375786,-6.287392081680718
537,175,-477.4583324006168,-6.928541908981001
538,175,-484.5835363878502,-9.049248502329695
539,125,-480.9530602617157,-5.698279038080013
540,175,-467.5429322048189,1.2932061449648602
541,350,-432.21950267522,36.84091680090622
542,0,-451.8927532981727,16.569599359015747
543,0,-455.00076185568804,13.367107341352142
544,0,-448.22912213408756,20.34460491048865
545,550,-444.19091267148247,24.20298558450768
546,75,-464.21434595226094,3.809832956622513
547,75,-444.5519643476023,23.374447883615126
548,100,-449.2620841892962,18.29743555596486
549,50,-440.9043523702126,26.485823189455395
550,50,-449.3240918105004,17.764695437998043
551,75,-425.0567408411071,42.09971190157863
552,375,-448.0018713891359,21.143858190747515
553,75,-463.71551882236054,4.908087525059891
554,175,-479.5872898643978,-9.162277434182514
555,125,-475.9132429950756,-5.7944269863204685
556,125,-474.5126093508708,-7.162296283123991
557,175,-477.18142236750384,-7.421888919578947
558,175,-475.53372968440993,-6.005089804471272
559,200,-479.8374117724334,-5.804516366673658
560,175,-470.61914747481825,-1.548129216217915
561,250,-467.154428468022,-5.558013698312267
562,175,-469.14819524119315,-5.992528309553855
563,200,-471.7590987169793,-6.579492915885686
564,150,-480.34294663621245,-9.246058493573333
565,175,-478.95457176574894,-6.841881302309022
566,150,-471.7875966572788,-4.388521828903503
567,225,-467.574232844526,-1.9705080092672373
568,75,-446.4011401158336,18.78745112522534
569,75,-448.7371439436295,16.365588623629826
570,50,-450.70138702714536,13.944500707062195
571,50,-436.4877386673324,28.214743628624642
572,75,-435.2440712366995,29.259469690786318
573,50,-432.2238152213686,32.02914816308524
574,0,-442.1557998699341,21.795231181203604
575,75,-427.67134448728865,36.114050963270564
576,75,-426.89165791962546,36.79044588419047
577,50,-419.58248959640594,43.94645162924105
578,100,-406.44646547880853,58.78486295130236
579,50,-421.30776736444284,43.27323805299983
580,0,-459.3566927223563,4.0676253642059415
581,75,-462.70279948056617,0.3053092368071848
582,175,-472.1797429783959,-7.888297363876022
583,200,-459.24467631090806,-0.8881873088440138
584,225,-471.7399349506059,-9.900474214254034
585,175,-469.0223939758097,-6.717341462200831
586,225,-472.6748779922707,-6.907185986097381
587,250,-477.96321687566723,-8.022756726997441
588,150,-481.97630066211315,-7.6934863361214125
589,300,-455.3300707721,-1.028240997666752
590,75,-439.37605091046277,14.7058708804023
591,75,-443.8534763320542,10.290880349075072
592,575,-419.9899099517836,33.870172283684006
593,75,-456.4117506259654,-3.346806544579657
594,450,-434.96745911840367,10.674158147194671
595,175,-450.7337596491262,-8.087218757394233
596,200,-430.16659929694043,1.8585507051735313
597,125,-441.3269490256816,-5.395174172773663
598,375,-436.25621088144305,-3.9293915218129083
599,250,-431.7324000494094,-2.496176419327023
600,225,-440.2695723508919,-7.511656614694645
601,275,-436.1087739842528,-4.697963201390548
602,175,-445.90877443395505,-7.786354656103192
603,125,-457.9549769358596,-13.28424936886358
604,150,-445.91527211528756,-6.345382352267482
605,150,-439.29854879024276,-3.4868569239375597
606,450,-403.9632847264245,23.070515924710428
607,0,-426.3483713654683,0.004922651839828873
608,150,-460.2193117480824,-19.443078211955136
609,150,-459.09816950258823,-16.85068689624178
610,150,-445.4481553612421,-8.531362224006628
611,250,-442.33426798978314,-5.944867316687817
612,175,-435.8226714836562,-2.9874329740057046
613,450,-398.5808209712883,25.122793508927806
614,50,-429.071456551031,-6.640597342503235
615,175,-429.59765655259343,-5.7654413383656005
616,175,-426.9769106707191,-3.9166775730728585
617,175,-447.34343837237486,-17.178095753039518
618,175,-435.92822743851383,-10.33649497912017
619,125,-439.9426059652987,-10.393675649583091
620,125,-441.1896643914383,-9.214255717121498
621,150,-442.44659353211,-7.986238587076452
622,475,-409.67106199674964,11.812625473012972
623,75,-416.90045368764345,4.3515564019523865
624,175,-396.0973735670515,25.219004044599224
625,0,-402.7510535652628,18.36305217444277
626,50,-416.71817227745987,3.5626363999164
627,350,-415.46130042172865,4.5570078288962375
628,150,-436.36199949968096,-10.659706864440391
629,150,-437.88526579777215,-9.489550021873828
630,150,-423.07933592253687,-1.4817816740353926
631,200,-382.3499535947842,38.465021583598876
632,75,-383.281902070992,36.97365508292563
633,75,-388.98150972677325,30.447628016816765
634,75,-367.5295122992138,51.872613814532045
635,75,-375.0260025767261,43.57897171932956
636,50,-390.71363555665414,26.846949716597024
637,50,-383.34045097928765,34.11480591319277
638,25,-382.89960776653356,34.569050759614115
639,50,-398.0656097663971,18.83017472389526
640,50,-396.54207519199775,20.088639385285262
641,75,-410.8354938514988,5.2650778179573265
642,75,-433.37271753749997,-17.567910065633534
643,150,-435.86301952934184,-16.79068768411181
644,150,-438.26173672678925,-15.885054199949671
645,100,-440.4337544414164,-15.236192876940445
646,150,-456.2863630270019,-20.6984129205151
647,475,-442.00861853480797,-11.665808184939733
648,200,-441.8401382873859,-9.448162845053485
649,150,-444.2199503641719,-8.641262889552753
650,250,-432.8485972559662,-3.5130371841952663
651,175,-443.17509502831024,-6.353990369402812
652,125,-443.1603247356434,-6.2552320294177495
653,175,-463.7631466012631,-16.75123008090848
654,100,-460.90712472197407,-13.733193687860005
655,150,-461.4224721034745,-11.872809988585908
656,175,-479.98487503640706,-18.74833292862043
657,125,-478.33032088240014,-16.21734878897911
658,150,-475.832437915008,-13.11204729176602
659,125,-476.3138262965789,-11.472731919532752
660,125,-474.0311470844302,-8.647811561710075
661,150,-457.95828148508394,0.091091074896238
662,125,-470.52128106254855,-8.530895758507368
663,175,-473.95702528295027,-7.815195929609042
664,150,-469.49997317076867,-6.6237506938399875
665,200,-474.06046805512693,-7.130656006317517
666,175,-478.62205474670037,-9.320026489895604
667,200,-481.96012463149566,-9.28548918417303
668,575,-478.5727491681223,-9.866075250386329
669,125,-477.64049370894503,-7.697987895290175
670,200,-480.2540528831194,-7.661266933562647
671,175,-482.59717624758144,-7.626480198663685
672,150,-480.08382092308705,-5.7344954505496055
673,175,-469.88568159838894,-0.7107046975991901
674,225,-475.07909043942254,-5.555738882501863
675,225,-463.3335906103354,-0.5119144258988388
676,150,-493.6861642474728,-18.23306117524551
677,100,-487.8636761153983,-13.797768383277472
678,125,-467.5991620747296,-3.7286004981231624
679,175,-466.87618079207044,-3.0332547448759506
680,500,-469.50147791573215,-6.030782205388967
681,175,-465.5408580194014,-4.517546295799045
682,175,-465.28464992257585,-3.9458631762960708
683,175,-470.25248948428856,-5.230708647879298
684,150,-470.1560012469467,-5.091227208779838
685,175,-461.97850811416487,-0.28848293818443516
686,75,-435.0540969269249,26.124916597265745
687,75,-422.2479338580648,38.54543866410075
688,50,-432.6553051988696,27.775513431074984
689,50,-420.6635550445699,39.69100217499831
690,50,-424.55850039306245,35.53794476394824
691,50,-435.1866219697204,24.26038898917964
692,75,-434.13656661623077,27.67686338374834
693,75,-429.6525178555106,32.17215747155978
694,75,-412.4730366693772,48.87772823746665
695,75,-420.014542106696,40.44154325497641
696,75,-419.37912024656544,41.18045803308385
697,0,-443.73168317482566,16.08757719180434
698,75,-438.45297849972195,21.174230804026557
699,50,-434.046347517385,25.355956610681027
700,50,-453.4967082352156,5.2770808869487205
701,0,-444.00687511108254,15.055404938055316
702,75,-437.41901572517827,21.3383493578812
703,50,-424.72088720410784,33.97880173259793
704,50,-429.4900919299747,28.724066068580555
705,75,-433.8312133222546,24.296824370246252
706,50,-446.0318588450563,11.512124838470154
707,75,-457.89501420457265,-0.4172320154797706
708,50,-439.30311281328187,18.213873089604384
709,0,-454.9440744182259,2.097426251869395
710,75,-434.3850308991787,22.45791172907051
711,575,-408.65285781298604,47.86138960217549
712,0,-417.70115515835187,38.538024017510274
713,50,-415.36387361782835,40.79859805155796
714,0,-436.7868637831302,18.7243489852313
715,50,-448.0255647166304,7.207322444828469
716,50,-446.6656103961008,8.474353942291955
717,50,-423.28986690392975,32.04536117822835
718,500,-423.8494812506611,31.46873455535642
719,75,-415.077837993566,40.060968348893056
720,75,-423.3419119391091,31.396107395565213
721,75,-409.6372237273569,44.766129667434946
722,50,-400.7638486941157,53.43335879620901
723,75,-410.6390014258939,42.378429557257846
724,50,-431.8854885850531,20.543977110601706
725,50,-437.0197667961629,15.18439369680508
726,50,-428.9149386337134,23.223901592468096
727,0,-411.5685066447261,41.097665113920606
728,50,-407.19234655956427,44.93004628272956
729,50,-403.7059484257934,48.137298575279985
730,75,-409.6494379748083,41.7889810039579
731,75,-393.15475399355034,58.12669800102698
732,50,-420.84696452455796,29.62904736012152
733,75,-418.2595107308765,31.96976630367181
734,175,-401.75318461798156,48.34784754112844
735,50,-397.3235364209373,52.53344848304881
736,50,-410.85622084216186,38.111073596044875
737,50,-422.85476658758125,25.374071712010398
738,50,-421.3566311999155,26.59647938606277
739,50,-411.22378595621547,36.69489463806219
740,50,-404.47500226491997,43.21842964365602
741,50,-416.3039508431947,30.699211614671235
742,75,-419.70257144012913,26.79030489351434
743,50,-424.12236059354603,21.936380135668948
744,50,-420.4460478383539,25.41217946621311
745,75,-415.7769819953933,29.72249232649283
746,75,-400.2822398996922,45.254075257209294
747,50,-394.527631505707,50.689757256564825
748,0,-423.06238858206274,21.28754356508805
749,75,-411.60895187929884,32.69209133309022
750,50,-418.59021474506426,25.004897043040458
751,50,-402.999662045671,40.66941855370982
752,75,-392.8508355072644,50.3808571065456
753,50,-364.71102685108303,78.67150959522591
754,50,-379.38897932056136,63.03216125889357
755,75,-385.7596995591256,55.97554389919013
756,575,-368.1636457090982,73.57073583346117
757,50,-377.84071443540074,63.188105701690795
758,0,-397.2374201019488,43.20174018287954
759,75,-393.650140907965,46.422233185076095
760,0,-397.72902923520496,42.219346652687356
761,75,-404.23950956988415,35.03911926254101
762,50,-431.9268459134181,6.216124349417694
763,50,-417.8236148641537,20.464606979057624
764,0,-415.92688239043724,22.4190001199744
765,0,-419.6372704189769,18.5958162953675
766,50,-404.4239511119585,33.84822284831618
767,50,-395.5141905322357,42.67122745870189
768,550,-389.1858707995892,48.816910076768835
769,50,-405.83976041700424,31.315302796635002
770,350,-401.3331096702326,35.6138166869535
771,75,-396.53712208577394,39.937625734102305
772,0,-413.2882948711767,22.677217296023635
773,75,-397.9495068945133,37.96241055613834
774,575,-388.18910381812316,47.56642954534691
775,50,-396.9162726334843,38.24094563422824
776,0,-418.9851659185546,15.501157993291912
777,75,-426.55038185626717,7.305389066083086
778,150,-441.8130271848262,-5.498008271221974
779,150,-434.98735249024526,-2.515025950778689
780,175,-459.8194959392831,-15.9373828506873
781,125,-457.5193910101997,-13.090227235409525
782,125,-447.4740942798621,-6.642765697397543
783,125,-445.64362143326605,-6.164706478397528
784,250,-447.77159742565175,-6.155963392176273
785,150,-445.2931908431697,-5.473975963255732
786,175,-450.47675790942213,-7.429345058734394
787,150,-448.2198590913214,-7.020821921147129
788,150,-445.03116455446724,-6.03610148762843
789,125,-457.3448621163882,-10.935823617054549
790,125,-460.8695102793195,-10.773735264175833
791,150,-457.3940413675809,-7.141353012137804
792,200,-467.15920216826845,-11.900891565318789
793,125,-467.0201868350545,-10.083050748927395
794,100,-465.6843449877424,-7.847013115368176
795,125,-460.60180535250885,-6.433352081106493
796,125,-452.56148587728467,-3.3945096449511776
797,450,-415.5390457021373,24.669128814651614
798,50,-440.82523630172864,-1.3959272387827966
799,375,-431.4992388561021,7.913383501318693
800,75,-435.1134395941513,4.210881442854134
801,50,-436.8440372219995,4.793626895423355
802,125,-458.5080270248761,-8.407500184831509
803,175,-443.9089397875562,-1.2564733151442113
804,150,-466.3425026176743,-19.761334435267678
805,125,-463.14514373292167,-16.34328621259399
806,125,-460.51124477257383,-13.36820409678691
807,500,-432.58473014620904,-1.3490195425850855
808,75,-412.97540065643534,17.88456663402001
809,50,-419.44081352876987,11.085617569172996
810,50,-406.8038964653381,23.7706833892097
811,100,-434.4017075565422,-2.2321303652754003
812,175,-443.4298118952289,-6.180023325935982
813,275,-431.0680396415789,-1.8496897512799428
814,100,-424.01107204079165,4.832049883499348
815,75,-406.4359504628388,22.26040443165079
816,50,-396.58456213144,32.015812697969906
817,0,-407.11598382798286,21.16423578185195
818,75,-399.2669085640592,28.864950425156476
819,50,-393.8165093100905,33.937493142307375
820,50,-402.4478839642564,24.82483511559812
821,50,-423.20341814215567,3.1563635183332686
822,150,-438.0851094654241,-6.1986454676847575
823,200,-448.877995369977,-8.80191733682318
824,200,-477.80437013695894,-18.638258395937036
825,150,-473.6583776051465,-14.774038006070468
826,125,-463.7075636520043,-8.424644352041163
827,125,-462.7963750946219,-6.3258250926723365
828,200,-471.08847220097175,-14.61742973500056
829,125,-469.15001618755167,-11.87085686519106
830,100,-466.120488741852,-8.82315589450852
831,125,-450.1024806798618,0.09400087169652299
832,50,-431.29647108422563,19.241622489223484
833,50,-444.6136698181015,5.614157361678524
834,50,-428.47965790220377,21.939546554789835
835,100,-416.6766624624278,33.73614563122828
836,50,-416.9981208983667,33.361070433916325
837,75,-429.91594792754046,20.268686959513982
838,0,-451.22296957243634,-1.6860681433865459
839,150,-476.4147677265747,-16.261880318892118
840,125,-472.54853734762924,-12.768374822442091
841,175,-469.55923431374055,-9.356988226738935
842,125,-466.8038259791575,-6.372012012661618
843,175,-461.1376425471322,-3.253146907341653
844,450,-452.30928524995846,-0.4803147111160868
845,200,-472.8730645254954,-12.385344964108173
846,125,-472.11425974087996,-10.347015199314662
847,100,-468.91582271415103,-7.235831479479159
848,200,-469.33545074279647,-5.441128801003795
849,225,-474.13912697338606,-7.281751387784926
850,150,-471.01285926432536,-6.6775505171370835
851,225,-440.3680535564721,11.552350605522324
852,50,-418.4121862097645,33.78671825091432
853,350,-393.312074560765,59.06712102861924
854,75,-386.1036221437503,66.01738212473055
855,75,-388.20642403272825,63.14450235102932
856,50,-381.35868491149864,69.79333425499718
857,50,-386.97930210418497,63.9067616610927
858,50,-390.93100990608184,59.491642437397644
859,75,-395.3413079613565,57.46679938128544
860,50,-404.369947773385,47.594138378140975
861,0,-417.4587828755749,34.10740268884375
862,75,-402.09709311453287,49.61534975813464
863,75,-393.86170773296857,57.24010067392861
864,0,-427.4685418093667,22.611618841608347
865,75,-417.2061729575985,32.57104687691474
866,0,-415.93467795512686,33.881195327461555
867,375,-411.76026297826763,37.88955929011437
868,75,-416.19262944914544,33.29642671275194
869,50,-406.5925695303247,42.81301814853223
870,100,-419.44669900376635,29.3413503835256
871,50,-409.3977214986014,39.44763360613857
872,550,-411.394842916727,37.30278589355836
873,75,-404.0504991762208,44.37053256059813
874,50,-393.64755080866155,54.83452053042103
875,75,-416.01240208211595,31.922606518594602
876,75,-422.0734962168034,25.497541683631965
877,75,-425.25468892635763,21.934156805602
878,50,-420.7041513605501,26.136619678967744
879,0,-423.1624445988171,23.60359432625713
880,50,-436.7725447890158,9.717982335159045
881,0,-451.37175702916255,-5.325045957088559
882,150,-444.5328347375011,-1.7998128719085065
883,175,-467.34223820301105,-20.423096553537015
884,125,-464.01809213748874,-17.059059484309024
885,125,-461.23567861708625,-13.941027978409553
886,125,-458.94357391431396,-11.109856547048338
887,175,-457.2658472107957,-8.268277059770014
888,125,-444.5179409597595,-0.9204773174328276
889,50,-443.811221743576,-0.4306461910882664
890,175,-454.4859106375309,-7.873733816946732
891,125,-450.56941941689223,-7.059582736997715
892,125,-448.28683262578784,-6.906497680387136
893,150,-445.10815091330625,-5.910159899783267
894,200,-455.60305348162404,-14.175034928245008
895,150,-456.5003976842622,-12.547157860835288
896,175,-442.7556811133592,-5.520873326098785
897,125,-444.43291893319605,-8.067746140299704
898,175,-428.3881361639752,-0.40005402770828713
899,175,-400.2772757259905,27.59873979395708
900,50,-398.7236302758745,28.881160997371012
901,75,-416.7657060048112,9.88024526169937
902,50,-411.2078905915725,15.306748851138439
903,75,-413.4276410406394,12.665300719037399
904,50,-417.6079316246864,7.8785852148968765
905,125,-437.5234239694033,-11.249188489998355
906,150,-437.9007511677832,-9.893979354795025
907,125,-438.0826188281126,-8.253258599524823
908,150,-446.34829783085934,-11.450805159085718
909,150,-435.6599195958027,-5.934118020201743
910,125,-430.3355108887572,-4.442481712611011
911,275,-417.89723823515794,1.977989327696232
912,225,-405.9014914821492,1.7384167271244575
913,125,-431.5439227453958,-19.492102862139852
914,150,-431.71029795570314,-17.61158987403628
915,150,-433.19451614893313,-16.192511510828183
916,125,-445.38313001231114,-26.631626353343265
917,175,-445.1730082451796,-24.21605786684728
918,125,-446.2736553380196,-22.895416377082988
919,150,-446.0640036396293,-20.741397073782807
920,150,-448.65250485388594,-19.86526010474126
921,150,-448.4251478962059,-17.723826863980957
922,125,-447.07848396623376,-15.309355994277865
923,125,-445.36472697626,-13.790664668128201
924,475,-433.6001404764099,-6.844216944458043
925,175,-436.95357560308184,-7.360569122730772
926,150,-435.8157190100889,-6.7868441355819655
927,125,-438.7146566445103,-7.434960081751236
928,125,-415.3367471749332,2.6690275287296807
929,150,-412.8180209586214,-0.580248114354118
930,175,-433.49870233684373,-20.93185399573158
931,150,-435.2071423210643,-20.948564575730177
932,175,-434.9713651720473,-18.509808683760475
933,100,-435.9741700899665,-17.28821440593437
934,150,-439.54926555282265,-16.977326712087326
935,175,-441.6890935204718,-15.879887573854141
936,125,-441.0981935624279,-13.820613927061814
937,125,-440.72828300655135,-11.993797074355719
938,100,-440.44075866073786,-10.240041297754072
939,125,-440.36659926386375,-8.492861450749944
940,150,-444.12460347720395,-8.189045012242506
941,325,-434.5693461483682,-4.108503711203546
942,250,-422.885158296016,2.647527186110503
943,125,-437.09014671178323,-13.449036359319198
944,475,-420.3245007373934,-7.03317518688208
945,200,-441.32185187993053,-17.77749930830048
946,100,-441.82125639866945,-16.325782769754092
947,175,-441.1303946600619,-14.277299265904572
948,150,-440.76570085276717,-12.130742701346072
949,125,-442.9285137392036,-11.500933265320413
950,125,-443.82468294630854,-10.104203150314795
951,100,-443.3721608849936,-8.292754002723612
952,125,-441.5506913512393,-5.691042848711522
953,275,-447.5540621007464,-8.001068126029036
954,150,-447.9363733213565,-7.567937398237859
955,125,-434.15879347110615,-2.7385812253637916
956,450,-407.13602566253024,16.32795263970178
957,375,-388.7566355153143,34.670505443517975
958,75,-387.33563506813414,35.881790756352544
959,75,-377.4833999868878,45.499812175124816
960,75,-383.7382109493432,38.854530455429355
961,75,-402.31196225511115,19.755070951750398
962,0,-395.0537705353016,27.233911699842153
963,0,-404.7549448396728,17.237821696617942
964,50,-424.010140586924,-2.6671737587810362
965,450,-395.20527328384304,18.14554321909702
966,0,-403.2825218083631,9.8227463394311
967,150,-415.1466304116564,-3.699510926138208
968,225,-417.1743232229794,-4.470665571858157
969,175,-425.9435797148694,-6.186566634828907
970,175,-418.8566652164853,-3.774692166821699
971,175,-416.4690190120375,-2.067426293537822
972,200,-439.5879344171477,-17.641477486882817
973,150,-439.13973383304096,-15.493260403661647
974,425,-427.7638176446098,-8.261401188947657
975,175,-448.0210451263818,-19.102528328507354
976,150,-461.00177850119064,-22.76928894469219
977,150,-460.8053504983705,-20.532363515322707
978,125,-462.0796858599443,-19.236302483218783
979,125,-455.32598852503537,-14.152745750866009
980,100,-453.47175885600814,-11.635778262610764
981,125,-453.3791578659313,-9.719948410652998
982,125,-451.99791715736654,-7.254766026075243
983,150,-450.9634161589946,-7.240067371572022
984,300,-434.66836343099226,1.0487118185717552
985,75,-450.34712421917726,-13.574687368225167
986,150,-449.1909995300526,-11.064534188558625
987,150,-449.4980892017198,-9.276157490143497
988,125,-434.93627594529,-1.1823803669921897
989,200,-430.6747623894629,-0.014280809399561889
990,50,-432.05523766258347,-1.6974358819384108
991,200,-427.12250086103484,-1.002070837305849
992,175,-434.9101211595734,-6.052747658512501
993,175,-434.48068830856715,-6.500856202058731
994,175,-445.75116443786465,-15.383120953812174
995,125,-446.08150912243696,-13.71616073224212
996,100,-445.0793571932439,-11.602224348087923
997,150,-445.8167876521236,-10.126211078699558
998,100,-446.3454100150233,-8.771021491589702
999,150,-434.74872421522724,-2.288535869933227
1000,200,-429.3724295668233,-5.0920790541631185
1001,175,-431.8002961539833,-5.364312657571971
1002,200,-441.6625833238821,-8.023585603740962
1003,125,-427.89719332461743,-0.0927444845104235
1004,50,-422.4046006690476,5.205089914109454
1005,150,-437.68731240921915,-6.2840334094914665
1006,150,-435.61180903992204,-5.644705887680435
1007,175,-440.35827243771047,-7.33568995182371
1008,150,-429.94249471916885,-4.580097958906275
1009,125,-423.7183757840246,-0.3041902837915602
1010,150,-434.6595338630099,-6.39885882479383
1011,125,-435.31542537331376,-7.221342009964455
1012,125,-433.3252134927961,-7.331888328163906
1013,175,-451.9844539683616,-17.198724065813913
1014,425,-438.1223868492672,-8.824087363934552
1015,150,-438.40426481874437,-7.203849027065309
1016,125,-430.3510132980017,-5.844511384908137
1017,275,-434.5422909033246,-7.0740530881869255
1018,125,-433.9118010765944,-7.698816283331988
1019,150,-421.8977249179084,-3.9824562374793446
1020,175,-422.63323599314094,-3.849465914754456
1021,250,-424.4705004940184,-6.183047595435841
1022,175,-433.501798831428,-8.584113955290391
1023,250,-411.35837652176133,3.4112284765209235
1024,100,-436.65158105928805,-17.80326370005388
1025,175,-425.60186714569573,-10.743823911505682
1026,125,-426.8905360073766,-9.632445947354542
1027,150,-420.9335909033163,-5.762905285358152
1028,200,-429.0028064758969,-7.854225616140584
1029,100,-441.8802022768627,-18.933187995861655
1030,125,-441.0137819416726,-16.695876817874364
1031,175,-441.8863920124283,-15.068215780310592
1032,150,-441.3797507813353,-12.763117166461111
1033,150,-444.93582191512496,-12.47449023689169
1034,125,-435.8211282884422,-6.552665753994499
1035,125,-435.0772568113458,-6.850133275273015
1036,150,-436.88804957405586,-8.413136414741391
1037,150,-437.334431212793,-6.865619200074505
1038,200,-439.294506275622,-6.881411565782596
1039,150,-436.99403737670553,-6.2248057967416095
1040,550,-439.7513391326977,-6.665924401978779
1041,225,-418.93262303242636,6.823437669525006
1042,150,-442.15986977399024,-11.576797344510474
1043,150,-445.70294680464986,-11.138735320435735
1044,100,-440.877426069754,-7.256273243463261
1045,150,-443.52338101439943,-7.475757880795001
1046,175,-436.90497722943314,-6.054060867889444
1047,200,-447.3517793532597,-17.945840641619967
1048,125,-448.6220055999919,-16.66321815255761
1049,150,-448.66494274818535,-14.607375933943176
1050,150,-458.9698981644874,-17.484624165344034
1051,150,-460.68924394516625,-16.25572175180186
1052,125,-458.2231133964941,-13.238875074111553
1053,125,-457.50817659594213,-11.014392386217786
1054,125,-448.27540827895683,-6.083106720954244
1055,150,-446.1500444910872,-5.855513445636026
1056,600,-433.09326064785796,-4.377932028784604
1057,175,-424.3433204191281,0.18951229616398813
1058,0,-445.8921542439315,-22.014406076913858
1059,150,-445.1900454864281,-20.022783377862577
1060,100,-443.89841522375605,-17.708675169137152
1061,125,-444.27615061750146,-15.97554965767622
1062,100,-443.3614438885183,-13.882860081093643
1063,200,-417.81177771982686,-4.751935927531107
1064,175,-424.95383442014355,-7.9138525812494445
1065,150,-425.28520558988515,-6.357598160972331
1066,250,-427.49233048209527,-6.084825907395719
1067,150,-424.44809162117593,-6.037610036214703
1068,125,-423.68027443154625,-6.047516453334818
1069,325,-417.78745186265826,-2.1827770821661328
1070,100,-398.0364059517566,17.24524252507028
1071,100,-439.0461951735663,-16.84803385317973
1072,175,-440.4482046303196,-16.816960676484573
1073,125,-439.900767101664,-14.72470478790909
1074,150,-452.8407485835677,-19.701757402084546
1075,125,-450.93721291342393,-17.01687584136534
1076,150,-450.81765263477166,-15.025783817343848
1077,125,-451.08163717153246,-14.502567159023066
1078,150,-449.78111420167454,-11.867425185159686
1079,150,-448.8064917131612,-9.614676614255444
1080,125,-449.212899522236,-8.081677468189378
1081,175,-438.0940068131526,-5.33149531388057
1082,250,-427.48406331280205,0.15950568966683143
1083,50,-431.8956375732766,-4.3732641542033655
1084,225,-440.2479643047981,-7.193653427350624
1085,175,-430.3875597729638,-3.682018660187757
1086,175,-453.5220512549285,-20.588076713534747
1087,125,-442.26158912607406,-13.377175441423098
1088,150,-443.3555995235524,-13.063309493074277
1089,125,-442.76216459003336,-10.947757563470152
1090,100,-442.35235146020176,-9.147444071835649
1091,200,-438.2215297771849,-4.767390387136849
1092,275,-421.93919263086605,4.161124229846557
1093,50,-418.0044921691396,7.973212949700217
1094,100,-421.6291064889447,3.5220154104665475
1095,50,-403.7596254318531,21.79879532680576
1096,50,-407.5698490328559,17.569632858517764
1097,0,-407.5656527911657,17.573956665955276
1098,50,-409.0080640559322,15.956115095713985
1099,75,-393.12161138462375,31.649540546439965
1100,25,-392.94535367979114,31.75954016749814
1101,50,-395.3020098226058,28.92853022961323
1102,50,-396.48688553325115,27.319174797599736
1103,50,-390.4126875230421,33.30169539594972
1104,50,-406.6665398871223,16.535874789668902
1105,50,-405.77561004087715,17.15337408134387
1106,100,-403.79950396300313,18.964220277062637
1107,0,-416.8632814703805,5.503303933460797
1108,75,-433.45337320739736,-11.262003887887793
1109,175,-430.6212001834673,-9.13884632229492
1110,175,-434.046623552314,-8.578429906089877
1111,125,-437.0403354864402,-8.217427260758377
1112,150,-422.9530302218308,-2.047797588669071
1113,250,-442.65913012508065,-11.80464602991058
1114,125,-442.25573775142124,-9.812878136979165
1115,475,-401.8041473686285,16.099736580028136
1116,0,-418.7998789660665,-1.4126652579724173
1117,175,-416.83969412372386,-3.9211040074915324
1118,175,-417.46044456946686,-4.098475149981962
1119,300,-404.8340997600228,2.272830906330074
1120,150,-412.25676774096837,-6.286622614562106
1121,125,-412.6702738258607,-7.2434142544643105
1122,175,-436.47043964559606,-19.39840465328486
1123,100,-426.3027044072742,-12.91647481778616
1124,125,-427.3775125229918,-11.73089719342817
1125,200,-418.86567415337134,-6.078625428877791
1126,300,-410.9564125361798,-3.223631429732917
1127,450,-377.96393732332655,21.306722449827888
1128,50,-381.6008238777004,17.32309021205143
1129,0,-391.09509839542216,7.540189748990715
1130,0,-377.0138576377412,22.049500225705266
1131,50,-382.626490752871,16.123302411964296
1132,375,-386.066378041119,12.813136037676228
1133,50,-374.3154631240852,24.390656813192916
1134,50,-376.636597715867,21.895292102828023
1135,200,-363.31029067525856,35.566044749726245
1136,75,-371.50051699408283,27.123274333814933
1137,50,-375.33708348308625,23.048957083329917
1138,50,-389.35663576122874,8.398580654979018
1139,50,-388.8405219364667,8.636728133650907
1140,75,-383.86032283839694,13.473597466586133
1141,50,-392.0578957419919,4.940955065451995
1142,150,-409.30059533340426,-7.278557853449279
1143,300,-400.00726483152823,-4.832930464727893
1144,175,-416.1556506332588,-10.893647403452015
1145,175,-419.44636795641355,-10.349395967552026
1146,150,-422.42119410206,-9.695172797271661
1147,150,-424.34955666807997,-8.699930174369227
1148,100,-427.0403683336667,-8.381710079921673
1149,150,-429.60530872737746,-7.756561898157357
1150,250,-413.23755442932037,0.5677583802621644
1151,50,-403.53582831838844,12.595915540712877
1152,75,-377.42789654671424,38.461091872107026
1153,50,-396.8027785709899,18.341797395000352
1154,50,-403.1724678493651,11.622393812402493
1155,50,-386.8033411677426,28.084620370194738
1156,175,-369.4160338530769,45.17376893412234
1157,75,-385.4098574932214,28.325270565689568
1158,50,-410.3060326160662,2.3431234878631706
1159,0,-398.3916275018947,14.619726517505619
1160,0,-390.9681354933797,22.268892683079503
1161,75,-390.39837654382245,22.374975798037838
1162,50,-379.38261461208697,33.320080171516025
1163,0,-390.27745414970224,22.094037511957588
1164,75,-403.51390546040847,8.076722763197107
1165,50,-402.2875699604,8.96848041960775
1166,150,-432.7704669421271,-11.005405356681488
1167,150,-438.4454127523328,-11.628934708827892
1168,150,-439.6729156644713,-10.2136273916538
1169,150,-440.925360048362,-8.866263601705121
1170,125,-453.60164262205484,-13.252100381509564
1171,150,-454.05759952787696,-12.03152564099176
1172,500,-411.481221651837,15.674687240660194
1173,150,-430.8539244524892,-5.010393566774054
1174,175,-427.6251871390135,-4.172890526679185
1175,225,-409.39132371435517,6.5582833685721145
1176,75,-406.8129462724548,9.063692555605392
1177,50,-399.5224195116728,16.18838272232623
1178,50,-405.44528089441275,9.81671774337075
1179,50,-404.48853169926537,10.59191826181922
1180,0,-401.8588456519911,13.301546764930714
1181,50,-412.52311922023245,2.1488083933236304
1182,175,-392.5316352023947,22.220921989897253
1183,75,-396.7002273211735,17.423113553119737
1184,375,-384.55534372227373,29.54631563069514
1185,75,-417.5496585798462,-4.803548037783248
1186,175,-423.88138004541076,-6.810623114759765
1187,175,-427.7804323440538,-6.88131162760231
1188,125,-427.076007604248,-6.686567403277628
1189,150,-427.18090376454506,-7.492859428724751
1190,125,-419.8868210861848,-3.7233742889878005
1191,250,-434.1194690452085,-14.454271062488267
1192,100,-434.2974317948788,-12.851819114446975
1193,100,-435.6918966061781,-11.73717099032898
1194,125,-437.22704109419584,-10.65190911668138
1195,150,-438.6966842551469,-9.308841663042735
1196,125,-439.9964612249516,-8.079912828256287
1197,125,-440.4249902791414,-6.6209103172066115
1198,500,-418.1549665275368,4.195070145469774
1199,0,-417.6447546255109,4.720792489316972
1200,0,-404.13875654892877,18.637372907426982
1201,350,-415.9919702418983,6.580030954589377
1202,75,-426.29428041883824,-1.4807205910558832
1203,75,-404.4668128527468,20.099270027005478
1204,50,-438.50235901241234,-10.256891680521292
1205,150,-451.81030912186907,-15.67102118048621
1206,150,-450.3797323023033,-13.13796552695208
1207,125,-450.3903301271917,-11.265820120058411
1208,125,-437.2617897090525,-4.261755151576904
1209,275,-423.69049754747573,3.455812392687281
1210,100,-432.68903267023916,-5.865895927337409
1211,200,-428.68833496441306,-4.849200744392951
1212,275,-441.52119541479476,-14.20876555815676
1213,150,-441.01962818215355,-12.03400542576152
1214,150,-440.7994238543462,-9.860088589914982
1215,200,-461.10059736911273,-19.674937600396436
1216,175,-447.46101343456905,-11.764306068095447
1217,175,-439.79247869784825,-7.239835949021838
1218,150,-441.2050175442825,-8.797287434153985
1219,150,-441.2026045620075,-6.841379729953163
1220,150,-439.8391487133705,-7.235793657210372
1221,150,-428.25507571284896,-3.931927334405072
1222,200,-430.18850511847756,-6.225569062082503
1223,200,-424.2707449629389,-3.7640954515868916
1224,175,-434.1390580522052,-6.522157987039418
1225,275,-437.6602903805005,-6.27411552487632
1226,175,-440.60970237071024,-5.655193285441257
1227,225,-430.2493524584091,-2.4362772789641074
1228,175,-441.8784310702794,-8.324994300623636
1229,200,-413.32696120496746,10.065735763677651
1230,1000,-378.18773636135495,46.27319304253556
1231,50,-367.0073588293541,57.064713962492974
1232,0,-397.5483192696715,25.595308324789826
1233,50,-406.52024799496047,16.36582955190123
1234,50,-411.53745608407326,10.94874617276664
1235,225,-422.95482155661864,-5.1630574049821965
1236,200,-430.0448669458214,-7.471752277445244
1237,400,-413.8662245829279,-4.334971837493603
1238,150,-404.1391418445633,0.08055001812690013
1239,50,-394.4045403321721,9.820274500963851
1240,50,-379.79672299521064,24.54579574810854
1241,50,-397.8247586510256,6.27697209237637
1242,100,-433.6126070515105,-28.53189441363699
1243,150,-436.8892294931157,-27.879015307429068
1244,100,-435.84101864196,-25.595709619161877
1245,100,-435.0570040784322,-23.46167128305644
1246,150,-434.41356660468057,-21.036045329427196
1247,150,-435.3897563877801,-19.415782171945764
1248,150,-435.1875674362208,-17.464030217113496
1249,125,-437.5337748432631,-16.651869690582785
1250,150,-438.60398694803683,-15.265167333747899
1251,125,-438.35532328839145,-13.392534965228677
1252,125,-438.2627310126096,-11.62692522287281
1253,150,-439.6464888992386,-10.399369108735591
1254,100,-439.5773102674633,-8.765840197508536
1255,150,-438.5125604087194,-7.716811854012578
1256,175,-437.28310692087973,-7.021866253039154
1257,150,-435.7813360714249,-8.102860434790838
1258,125,-437.4700067469255,-7.065409295681217
1259,175,-424.0612091779443,0.2827085164633276
1260,75,-411.1546240295437,13.109204410211648
1261,75,-417.0386307245919,7.2298311144014065
1262,50,-414.29044379322727,9.840761694455134
1263,50,-395.8497532835281,28.498023841494444
1264,0,-413.4042925330488,10.409826598788381
1265,50,-404.24313582787994,19.58188072529778
1266,50,-423.9649915837787,-0.8973837834045959
1267,50,-418.71760055572634,4.147480138427639
1268,125,-439.1375113772508,-10.010482965075195
1269,100,-428.68381978975526,-3.4965748479038847
1270,175,-433.82733431161915,-5.069029289046223
1271,125,-446.95564662348187,-10.486878691242367
1272,125,-446.2456139866607,-8.403210525579544
1273,125,-442.8562823637754,-6.308849917639481
1274,175,-432.3622217448653,-1.5442401172332625
1275,175,-445.57980854452023,-16.968877141184954
1276,175,-435.7808718716297,-10.542687228743192
1277,125,-437.3186349683019,-9.545827443250715
1278,150,-440.154290093216,-8.796791114831386
1279,125,-431.3908053469716,-4.6150896782351705
1280,200,-430.2389820545093,-3.9787511127799675
1281,275,-427.63759681232807,-3.1448957553639922
1282,450,-430.38073048724755,-10.731287248383147
1283,650,-399.0131098016393,-1.6692985880097133
1284,100,-388.6361322960391,8.221385443955354
1285,0,-381.11373885342437,15.972459647224865
1286,100,-368.303406203075,28.937734704825324
1287,50,-367.9901220713334,28.988022712044014
1288,0,-388.32598449927735,8.033950066290698
1289,0,-387.6800676221469,8.699502816485051
1290,75,-381.0132122839516,15.294213253349765
1291,50,-386.6487585421734,9.267381438220088
1292,75,-378.252725041803,17.66071710519317
1293,0,-392.98185433447446,2.4838222820250895
1294,125,-406.75810444425696,-7.476354813921258
1295,175,-408.09435617163894,-8.998261501930642
1296,125,-411.5054805479212,-8.855024299407994
1297,125,-414.2119862669944,-8.410185134581159
1298,125,-418.30889273171533,-9.028686544895116
1299,125,-420.41553278765497,-8.13174722629412
1300,125,-423.455854776761,-7.796535508311441
1301,175,-438.21112687349637,-14.167333555257239
1302,175,-427.7508231461343,-7.104832891140632
1303,150,-426.54307824265436,-7.530742661490976
1304,150,-429.15886719341603,-7.785032157852804
1305,150,-430.3841301471512,-6.45461548062347
1306,125,-430.127857087263,-7.133012341131705
1307,125,-419.752808097705,-4.075661873513736
1308,150,-448.6748438653811,-16.04944294436561
1309,125,-435.4703147705585,-7.955813304482719
1310,100,-448.8413438487982,-12.662463753856406
1311,175,-433.8148549739723,-5.556171099561594
1312,125,-443.1670221011185,-10.689252613900944
1313,150,-442.85907065853246,-8.637416773928583
1314,125,-443.9144565737375,-7.3859354248661795
1315,150,-442.3391100029825,-7.723583972306823
1316,175,-445.0191953716873,-8.282247915167437
1317,175,-452.25752281267944,-10.288246232181056
1318,125,-451.0760013137566,-8.039107245888367
1319,175,-452.28206884107067,-6.347488460266129
1320,175,-453.10114269782144,-5.8492020372875135
1321,250,-440.3096241264253,1.1392687664150873
1322,150,-453.44862979287495,-6.2609979459792715
1323,125,-452.1971567634845,-6.231952758893656
1324,125,-446.3199252152105,-4.511416877698795
1325,125,-441.33640666904165,-1.3777224485590063
1326,75,-436.9371742783705,2.867653181665906
1327,0,-422.21031463361743,18.042209359619186
1328,75,-405.7739547119589,34.422399537373124
1329,75,-406.87193939507483,33.042849475012346
1330,50,-389.23283591680604,50.40562732301639
1331,75,-391.4514690176599,47.90820866268254
1332,50,-397.34193896523817,41.65549995483757
1333,0,-400.58088324129506,38.318091772788456
1334,50,-388.6490666971008,50.32247204229154
1335,50,-395.36189120030133,42.99660102323261
1336,50,-400.0337791194403,38.08005236250414
1337,75,-408.45238127430565,29.254693419491232
1338,75,-418.22555955346974,21.482105657595554
1339,50,-416.54624649200633,22.779649478476756
1340,75,-416.1797598596436,22.75151486633899
1341,75,-443.8534201785624,-6.053662280200859
1342,175,-435.9423460172209,-2.965889911584561
1343,450,-405.5865096820101,19.08975198018362
1344,75,-407.22703778896096,17.13387498358287
1345,50,-411.7262490660944,12.323786590218102
1346,100,-456.90624460546155,-31.40288934849592
1347,100,-456.2602818957207,-29.254601694110306
1348,150,-453.4760487505689,-26.017874771467973
1349,125,-451.0457244481852,-22.869251487275022
1350,150,-449.78466296216226,-20.738566820256636
1351,150,-449.3805730623765,-18.536663930822854
1352,150,-449.99140844790463,-17.271378765947624
1353,150,-448.41187159326995,-14.573117898184734
1354,450,-433.8237761200502,-8.13664235498405
1355,250,-421.50578318462783,-5.253573153672539
1356,150,-409.9595031832424,0.2906335296528175
1357,75,-381.80373501835567,28.39381937761523
1358,75,-391.68905741287614,17.9239801293184
1359,75,-390.0510711471339,19.70766777327538
1360,0,-397.13742475517114,12.405889015553957
1361,75,-408.2869346046322,0.385021891783472
1362,200,-417.2150921328405,-7.199139762149947
1363,175,-422.001683126404,-8.53483283863481
1364,125,-424.90472043911643,-8.226021340860273
1365,125,-428.835809741628,-8.283547280881304
1366,125,-431.11861725060714,-7.579449459898711
1367,150,-436.9018204164455,-8.406502277821467
1368,150,-438.5698382152202,-7.315191416763805
1369,125,-438.6846470505415,-8.602882786710223
1370,150,-438.1840252099277,-6.693412807404203
1371,125,-436.86506254051375,-6.302792470042164
1372,150,-437.3817048245587,-6.674124320444621
1373,250,-438.09490889773434,-5.569634306734059
1374,175,-428.6397400848476,-1.7278446963093668
1375,100,-422.0359564060396,4.31373115289065
1376,100,-447.0981292775866,-16.91047769707344
1377,100,-446.1270429703181,-15.216065797103843
1378,175,-441.11779210315035,-10.7533517660809
1379,150,-443.44860151317863,-10.07519298270359
1380,150,-445.7499311052346,-9.112558400808188
1381,150,-445.3290891191847,-7.117187833211324
1382,175,-433.55748499641646,-3.1077052990051888
1383,950,-401.25285562355725,20.756065577156406
1384,0,-424.00439721632017,-2.687122880026127
1385,450,-392.07835209243,20.88138998499686
1386,150,-410.25414841619477,0.16374921927848732
1387,50,-408.9338961978402,1.393509501314652
1388,150,-428.1788669495111,-12.305026147865837
1389,125,-428.29825841573637,-11.096289239793467
1390,100,-429.2340597295318,-9.90285350505208
1391,150,-408.06410227982394,1.5238553511267356
1392,100,-409.18812384749685,-0.10268090026563925
1393,75,-390.00816765461826,19.174060669890657
1394,50,-400.92832109845756,10.155502086664331
1395,50,-396.9716170169853,13.944369695650044
1396,575,-358.5445393575045,52.433417785055376
1397,50,-377.22235303688313,32.984499979020015
1398,75,-381.2773957818087,28.575507945414394
1399,75,-391.4664564388427,18.183715978189692
1400,0,-413.4499554848814,-4.4680814388483
1401,225,-409.64978204557883,-2.7154506753852843
1402,450,-397.41611679498754,3.1299191012519145
1403,175,-383.1585129051981,12.568830536644535
1404,75,-382.9075787402786,12.770400007505133
1405,75,-388.4738018079269,7.237480158982208
1406,50,-402.9298591941683,-7.646724595178163
1407,175,-389.32122243081363,-0.21554351563681085
1408,275,-387.6367605503043,-6.532075672062008
1409,125,-418.0506723910701,-20.98655897225617
1410,125,-412.05795368510684,-16.29328616223671
1411,150,-426.24068308171894,-21.329751403185263
1412,450,-413.34921843384643,-13.22652263409318
1413,125,-417.93030795294663,-13.467606945384189
1414,175,-410.22892974286475,-7.922571442103456
1415,150,-416.68472267090647,-8.958473858810356
1416,150,-418.38743637362757,-7.895078288992528
1417,100,-431.8136382555155,-19.733153726604005
1418,175,-418.7601838211345,-11.928616077488769
1419,175,-434.8508739963619,-17.573219160435798
1420,150,-433.41216385473774,-14.84573966311891
1421,150,-432.93767210848426,-13.772278949044173
1422,100,-433.2773891637442,-12.295761017689042
1423,100,-434.96262934753895,-11.4632406702239
1424,175,-420.45378708745926,-4.983676694648499
1425,200,-411.13722198520605,-1.6809124649093174
1426,100,-407.2212273460014,1.6378634019523854
1427,0,-397.2833161196672,11.877887129567458
1428,150,-432.59080958911045,-13.218325282277988
1429,150,-433.40251196403256,-12.785372833482933
1430,100,-433.7675833655562,-11.331406942779648
1431,125,-434.04464413582656,-9.686583460725032
1432,125,-435.88443324549627,-8.794094404293794
1433,125,-424.1310753513671,-2.06830827179253
1434,100,-422.50627551068123,-0.7552880571978964
1435,75,-411.65101097047017,10.126477020068785
1436,75,-395.62082362619566,26.183626080695156
1437,0,-398.04682611431537,23.683873116936333
1438,50,-437.1449417952285,-16.51153423720762
1439,150,-415.9188828887457,-5.0270411074130035
1440,175,-424.41308936290875,-7.250478705070394
1441,150,-423.5569101058849,-7.966573804434149
1442,150,-421.31977687984124,-6.055402946232376
1443,125,-433.6306566358228,-11.783122825513077
1444,150,-437.8799681243118,-11.761840637136892
1445,175,-441.12573332055325,-12.083406095742593
1446,150,-442.1913445987929,-10.551072397972074
1447,125,-443.2314345525196,-9.34160850661204
1448,150,-443.01540944328565,-7.355025083735933
1449,150,-441.48100138370364,-7.455915397534136
1450,200,-443.1730563180888,-7.002332994563231
1451,125,-441.0715802577105,-7.123936932271767
1452,150,-438.5854246302665,-6.728123123688201
1453,125,-436.3293175376604,-6.295185077232422
1454,150,-440.8277839759859,-8.578650280264686
1455,150,-443.3791134693769,-7.822296104396314
1456,125,-440.98872656432206,-6.465046673785403
1457,200,-459.1874786708817,-15.736946957547216
1458,150,-458.1775370526749,-13.297506372565415
1459,125,-458.7640885699178,-11.726295418924359
1460,150,-458.1864990240486,-9.600859192291233
1461,150,-460.4698627935835,-8.635495450038578
1462,125,-457.5030185122184,-5.622961512311919
1463,175,-464.2471242933155,-6.9895170870368695
1464,125,-460.5985666709591,-6.103976851760199
1465,175,-455.3229927022888,-5.084573582587649
1466,125,-462.7036217035465,-12.66284066134394
1467,150,-461.79650496667915,-10.347675100589335
1468,125,-460.96888519406696,-8.248979237708426
1469,125,-459.6823770511988,-5.940831892360544
1470,200,-466.6291335568117,-7.824173589065945
1471,200,-470.18866703989625,-8.281775794076308
1472,150,-452.4022583347203,1.8411957154712946
1473,50,-422.84078879011116,31.80595810504375
1474,50,-410.97188987179754,43.7384253395069
1475,0,-399.5170324376748,55.541510439626364
1476,50,-401.45969519779527,53.24756891281983
1477,50,-404.46948854571724,49.899903070392675
1478,50,-403.47995849405197,50.57784241665974
1479,50,-392.9135417554681,61.176024779212014
1480,50,-387.88578509204547,65.75364968580097
1481,75,-389.68080285767564,63.767084963845676
1482,50,-412.41975817525156,40.11482043256115
1483,0,-428.61249744681334,23.42982188714401
1484,0,-446.4554381955709,5.044455739624469
1485,50,-412.80871259179673,39.03441181698935
1486,75,-405.04395430746047,46.33161041375183
1487,50,-412.72290580274836,38.47346227409218
1488,0,-430.3666577648689,20.29334025232307
1489,75,-421.2166122403889,29.189865242386297
1490,50,-413.0561872473247,37.26540128370357
1491,50,-430.5365565507305,19.11425852152056
1492,50,-425.01572537509924,24.462767788786394
1493,50,-408.2580323270591,41.24582382528846
1494,75,-395.3982601706431,53.81191969311091
1495,0,-394.87328269513955,54.35285648386983
1496,50,-400.13583103460803,48.69444302333466
1497,50,-433.02503695211715,17.612639204899523
1498,75,-428.5134467894249,21.871005611397813
1499,75,-420.80772828558395,29.289687307978582
